dominant_freq,mean_v2/v1,std_v2/v1,kurtosis_sig,mean_x/(tpi-t1),mean_tv2/ta2,mean_t1/tpi,mean_ta2,mean_t1,mean_w_25,mean_tv2,std_tpp,skewness_sig,mean_tpi,mean_tpp,mean_tv1
3.90625,-0.4326071898525982,0.3788825181838117,-0.17917968177333155,1.587856194834971,1.018251845824389,0.302187360167205,0.5881,0.21487499999999998,0.378625,0.5967,0.08223559981875866,0.5844011527294949,0.675875,0.6751428571428572,0.3768
3.90625,-0.3549048325854338,0.14016926237348795,-1.1639820893166413,1.9669531922212349,1.066534770680478,0.2911214771289897,0.529875,0.19724999999999998,0.38787499999999997,0.5666249999999999,0.11851427193828272,0.5058843502297853,0.699125,0.6927142857142856,0.6494444444444444
3.90625,-0.6363338951827527,0.9285114278173424,-0.45833470518400743,-0.16024813875968322,0.9258430803576997,0.6421238392245341,0.5319999999999999,0.49171428571428566,-0.2502857142857143,0.4811818181818182,0.18613413622080896,0.38567875201017343,0.8334285714285715,0.8035,0.6598333333333334
3.90625,-0.2556159120629938,0.10648799939345831,-1.0195177047847177,-2.5752706672970342,1.0266593443380554,0.8852290767522342,0.6034999999999999,0.5615,-1.944,0.605,0.11019907773976095,0.5263306277723365,0.63075,0.7171428571428571,0.4726666666666666
3.90625,-0.4308846155003876,0.07669520029017177,-1.0763970434500236,1.4264670078719708,1.4195404974000283,0.24229235243348798,0.4785555555555555,0.18414285714285716,0.4201428571428571,0.6504444444444445,0.1405829134552117,0.4225078708013719,0.7765714285714286,0.7733333333333333,0.38930000000000003
3.90625,-0.7648840497902696,0.8650968859792595,-1.2520774678709856,1.510499874406234,1.319358587125321,0.30000781404869536,0.5433333333333333,0.23785714285714282,0.4521428571428571,0.6823333333333335,0.2099706328672337,0.27670451469180707,0.8142857142857143,0.8190000000000001,0.4118888888888888
3.90625,-0.29472204413880937,0.24710266750170926,1.511131407670936,0.8145303816527087,0.9451750147815374,0.2889713174782883,0.5938000000000001,0.211375,-0.2763749999999999,0.5433,0.20710413431165395,-0.43577328893230594,0.7172499999999999,0.7288571428571428,0.5352727272727273
3.90625,-0.1762847706195309,0.15560096836103052,-0.8370162077754584,1.4317908455108328,1.0370468932886845,0.2508907124896745,0.5261111111111112,0.16477777777777777,-0.5885555555555556,0.5265555555555556,0.043666169685467035,0.12433010963114467,0.6599999999999999,0.679625,0.9496
3.90625,-0.5630917738258686,0.5136969170177265,-0.5892496136822869,1.0457150158283113,1.094278750679937,0.20159373908414854,0.47527272727272724,0.17959999999999998,0.45339999999999997,0.5197272727272727,0.19920655109709617,0.8115575385572747,0.8842000000000001,0.8415,0.2645454545454546
3.90625,-0.5786035454746405,0.37055302746544666,-0.7354157756308881,1.1654917234514288,1.0775223125434152,0.28894750657123436,0.502,0.2578333333333333,0.5015000000000001,0.5220833333333333,0.21485101814978674,0.4294773359568481,0.8836666666666666,0.8911999999999999,0.29275
3.90625,-0.34239743816498946,0.17607244317530552,-0.1035076751541113,0.9644860042903558,1.0196883515579422,0.24084497633966231,0.6308888888888889,0.18471428571428575,-0.1542857142857143,0.6377777777777778,0.24110123507679412,0.19652576742242922,0.7197142857142858,0.7331666666666666,0.4519
3.90625,-0.4758414873732801,0.40217331356619157,-1.1530792912376262,-1.318071958965579,1.1584163502616518,1.4277267857457392,0.5731111111111112,0.8106666666666665,-2.283333333333333,0.6185555555555555,0.4522731917768286,0.4176050046464634,0.7301666666666667,1.0386000000000002,0.42010000000000003
3.90625,-0.46369953985164236,0.2670774894032455,-0.2684906239790199,1.038005815623816,1.288662865612568,0.25072716456042277,0.5107999999999999,0.20485714285714288,0.4282857142857143,0.6289,0.1758137429845068,0.7831168103935714,0.8382857142857143,0.8308333333333332,0.34877777777777774
3.90625,-0.30573553048292684,0.15520604740803046,-1.0285738883869053,1.6062799273783184,1.3417107017223664,0.30700886079708456,0.473,0.233875,0.435125,0.615375,0.012116778719222883,0.5300009084163977,0.754,0.7555714285714286,0.9383333333333334
3.90625,-0.6186630873851197,0.547607282178016,-0.3059454952108611,-1.4145501030799454,0.9749291267242898,1.0469434233906758,0.5819,0.5613333333333334,-1.8908333333333331,0.5411999999999999,0.34214873958557845,-0.24687879431714962,0.6216666666666667,0.7838,0.6470909090909092
3.90625,-0.4027422376085182,0.3747432241214184,-0.9070122538528098,1.500433939884493,1.0495543968214056,0.3267361199139604,0.5082222222222224,0.231875,0.417375,0.5344444444444444,0.09281295651986947,0.45340519781246563,0.7110000000000001,0.7025714285714285,0.7415
3.90625,-0.17069694413667888,0.3056174833847157,-0.988243678329705,1.8609079312227945,1.0059311147553518,0.2814030020728232,0.5265555555555557,0.17766666666666667,0.37133333333333335,0.5272222222222223,0.04194173786337425,0.14605615679812783,0.6211111111111111,0.614125,0.7910999999999999
3.90625,-0.23372512633657308,0.18697064697958293,-0.9217212967946158,1.5262281800695754,1.3936539183307062,0.22673571422507058,0.5205555555555557,0.15512499999999999,0.42937499999999995,0.6918888888888889,0.07319585133777202,0.426664765308534,0.693625,0.6907142857142857,0.44766666666666666
3.90625,-0.32751384605339295,0.13106159321470542,-1.2472082666543296,1.7063986867264656,1.3139086273403828,0.21901895583449826,0.5231250000000001,0.152375,0.40325,0.6765000000000001,0.07730168834125271,0.412048480786535,0.6992499999999999,0.691857142857143,0.48566666666666664
3.90625,-0.3391416800951573,0.28157139419400457,-0.6023546461450047,0.9633017887309627,1.2435776298170662,0.2997264880792682,0.5113333333333334,0.2861666666666667,0.17916666666666667,0.609,0.24282784024901263,0.24361510001892195,0.9575,0.9658000000000001,0.9813333333333332
3.90625,-0.4921419187668258,0.35047521553770417,-0.5490872001712357,1.086643884805998,1.0992811651481273,0.25635454278945924,0.5801999999999999,0.24916666666666668,0.5950000000000001,0.6041000000000001,0.1964617011022759,0.5911523231106006,0.9565,0.961,0.366
3.90625,-0.3466561295007944,0.23084298525036867,-0.10003061056451523,1.6258144643780335,1.0560758153151382,0.22422425280267577,0.5312727272727272,0.13122222222222224,0.2544444444444445,0.5397272727272727,0.04808439845729589,0.9800264443378693,0.5833333333333334,0.5831250000000001,0.7502727272727273
3.90625,-0.24883891788759988,0.23278727147823328,1.5966378656715277,0.9487110387124131,1.0276554273456782,0.2712983567523688,0.602,0.189125,-0.05299999999999999,0.6027000000000001,0.0943934449470915,-0.7271711293293163,0.67825,0.6858571428571427,0.417
3.90625,-0.8380220608660413,0.5507084353342547,1.6968989515412822,1.04687481596383,1.1117031996805482,0.2519955141228022,0.5329999999999999,0.1992857142857143,0.13757142857142854,0.5626363636363636,0.19554681167320412,1.0915443808823524,0.8079999999999999,0.8116666666666666,0.6867
3.90625,-0.4694720618354955,0.5154106479185717,-1.2774668924259391,1.4340519834874577,1.0665758369353078,0.24194296206769023,0.5884,0.19014285714285714,0.45842857142857146,0.6046,0.09911847568552604,0.2791094415390263,0.7957142857142857,0.8071666666666667,0.4056363636363637
3.90625,-0.45985469821981906,0.3353992744221846,0.08971671546518767,1.191368071458794,1.1617799247180027,0.2792895293889952,0.4964545454545455,0.22216666666666662,0.37266666666666665,0.5430909090909091,0.14318854702803574,0.9520069790599556,0.7771666666666666,0.7578,0.3354545454545455
3.90625,-0.40333387018172473,0.1664380488237061,-0.44933922799477566,1.5169877367489477,1.3081583429100243,0.30763281493691064,0.5222500000000001,0.21199999999999997,0.394625,0.6775,0.12790892806036264,0.6877020340054912,0.7113750000000001,0.7091428571428572,0.46588888888888896
3.90625,-0.26423328672882473,0.1432380510707678,-0.8068537452939055,-3.1576655300844187,0.9647040549193666,0.8542042666139635,0.649888888888889,0.552125,-1.9920000000000002,0.6256666666666667,0.1101674050836142,0.7730719235509473,0.6427499999999999,0.7329999999999999,0.4843
3.90625,-0.4152150151956109,0.12242088000003622,-0.8193196687593405,1.5769334222843425,1.0408990368686104,0.2476102425313592,0.62525,0.17614285714285716,0.4578571428571428,0.6296250000000001,0.17333725957091728,0.49759331627721776,0.7140000000000001,0.7178333333333334,0.49244444444444446
3.90625,-0.08497914659761857,0.14988803238832346,-0.8078259015178082,1.0479833149712026,1.26434277635399,0.1623855767104135,0.4958888888888889,0.1335,0.4676666666666667,0.6032222222222222,0.05753051364276179,0.47736358068682827,0.8263333333333334,0.8382000000000002,0.38770000000000004
3.90625,-0.4782467084548395,0.2773243701004938,-0.14363403563282962,1.454961232562445,0.9637054281814605,0.32686815932662994,0.5304545454545454,0.263,0.44500000000000006,0.49663636363636365,0.13654391235056945,0.7379331129339185,0.8326666666666666,0.8283999999999999,0.7111666666666667
3.90625,-0.2501584621693008,0.19623978010836976,-0.19422876141021606,1.273518482037228,0.9923373922239259,0.2486214522511541,0.5606,0.165625,0.41174999999999995,0.5241,0.1501501289526246,0.28677900066697876,0.6873750000000001,0.6927142857142856,0.5109090909090909
3.90625,-0.5233041150186184,0.33577280015098065,-0.8279138640801778,-0.6540859870190504,0.9521926115953787,0.9404216887176859,0.6244000000000001,0.7234,-1.8707999999999998,0.5694999999999999,0.1371885108163216,0.6452268827874527,0.7748,0.96925,0.3397272727272727
3.90625,-0.4761117144290467,0.3658099442655145,-0.5054905119979081,1.295558221709775,1.362439688082967,0.22397922020336675,0.5114444444444444,0.16685714285714284,0.4518571428571429,0.6672222222222223,0.18038538989865252,0.5590675346835413,0.779142857142857,0.7676666666666666,0.4262222222222223
3.90625,-0.5645119116368669,0.49109119728767553,-0.48027307384926754,1.3017588180507598,1.0442450077815955,0.317708696994071,0.4725,0.3106666666666667,0.4825,0.4859166666666667,0.06222346824149231,0.8094252919225107,0.9561666666666667,0.9582,0.24499999999999997
3.90625,-0.47359394155178614,0.4308728150183036,-0.7643795027147333,1.2132384863327963,1.0268603682954065,0.20189701464315085,0.6291,0.144125,0.405875,0.6133000000000001,0.10409865807129741,0.32763176111844716,0.7202500000000001,0.7194285714285715,0.37239999999999995
3.90625,-0.1678287913673052,0.2831786876064911,-0.5689068438888785,1.4145239758590515,1.027144025095091,0.2886558336223701,0.5323,0.19066666666666665,0.39311111111111113,0.5253,0.13330978958801185,0.37944307496225715,0.6762222222222222,0.6875,0.5412727272727272
3.90625,-0.4499177046818234,0.45572069531937337,0.580910573785125,1.0010760360493556,0.8918845219228752,0.20303382876411455,0.5246666666666667,0.1785,0.4861666666666666,0.44691666666666663,0.0904977347782805,0.6456364288384067,0.8236666666666667,0.8254000000000001,0.22976923076923078
3.90625,-0.3899854988825605,0.10983035977465908,-0.5313088228858565,1.5285786408823472,1.2018862593824693,0.252503847981001,0.565625,0.16799999999999998,-0.045499999999999985,0.65675,0.09351852375713748,0.5967829836103636,0.6539999999999999,0.647,0.4547777777777778
3.90625,-0.6282317259550547,0.4779762530682726,0.11016838082925284,1.239042702831097,1.0895385267633675,0.22011146332314846,0.5469090909090909,0.167,0.14049999999999999,0.5612727272727273,0.2295090412162449,0.98042798960008,0.8116666666666665,0.798,0.37263636363636365
3.90625,-1.3793410325846842,2.600920265490127,2.084389609041187,-1.6652081688654965,1.0301382863262563,0.7315437573517638,0.5135,0.6121666666666666,-1.6288333333333334,0.51425,0.18890780820283737,1.1038615328381225,0.7933333333333333,0.9917999999999999,0.4615833333333333
3.90625,-0.3790296421441745,0.2418133813280231,0.13056759664960627,1.3472261662736225,1.0247278763978573,0.28114429119274953,0.5069000000000001,0.158,-0.11310000000000002,0.5124,0.1149590372563792,0.15549711833973756,0.5764,0.5775555555555556,0.3317272727272727
3.90625,-0.3711965333060156,0.12177021486773561,-0.7475738515072639,1.924551037127752,1.040267708258692,0.2780489160966388,0.5641999999999999,0.1566,-0.036899999999999974,0.576,0.06647379507820178,0.5184524747738197,0.5692999999999999,0.568888888888889,0.36872727272727274
3.90625,-0.6456433983680165,0.4411587328759864,-0.4960777067589537,1.0776367174735126,1.1940377014014325,0.32666943404780224,0.49972727272727274,0.31183333333333335,0.395,0.5540909090909091,0.25100645410028805,0.6698524440419623,0.9686666666666667,0.9916,0.33279999999999993
3.90625,-0.35005375068727335,0.1491574153264473,-0.48154929655206713,1.5464691562235588,1.1845840976858644,0.3113372380998885,0.5226666666666666,0.206375,-0.5191250000000001,0.5978888888888889,0.1321296518498372,0.5112799942298144,0.68025,0.6964285714285714,0.6377
3.90625,-0.4667493819375569,0.4178054744722429,0.8025261789346452,0.8441643867811022,0.9050103155460416,0.16056126857536973,0.5944,0.16440000000000002,0.5389999999999999,0.5163,0.09771482743166468,0.9942523858970062,1.0238,1.03325,0.30700000000000005
3.90625,-0.35490740751908423,0.1693160520454069,-0.5769965981903251,1.576592594765166,1.1299825333206122,0.21227533681435223,0.557875,0.132125,0.384375,0.601125,0.09454919894112356,0.5076933563137392,0.6328750000000001,0.6298571428571428,0.5239999999999999
3.90625,0.10289921828115622,1.5598484879400176,0.29326419527935155,1.0263926494042979,1.0572893585139844,0.19756929727517256,0.4845833333333333,0.1748333333333333,-0.18833333333333338,0.5012499999999999,0.08924438357678313,1.0180834520034905,0.8973333333333334,0.8841999999999999,0.3826666666666667
3.90625,-0.5095418916373182,0.284649358617902,0.20808027936840334,1.1039354593691686,1.0507354759817296,0.30332736739870075,0.5660000000000001,0.18633333333333332,-0.01866666666666668,0.5856999999999999,0.19252171143795704,0.29101899246043195,0.6054444444444445,0.621875,0.3981818181818182
3.90625,-0.2749461184202756,0.2640860639082386,-0.403871949670886,1.2364005465410253,1.2352013321225674,0.2303489008581053,0.5085,0.18557142857142855,0.4335714285714286,0.6098000000000001,0.0979734941479355,0.5825361160827033,0.7881428571428571,0.7808333333333334,0.3593
3.90625,-0.22470048731515865,0.21572997348420203,-1.0795238719918068,1.5852744025556218,0.8035387648112347,0.17410939156348257,0.6695555555555556,0.11712499999999999,0.428125,0.5325555555555556,0.06710272356770684,0.3632757051312634,0.6805,0.6782857142857142,1.0595555555555556
3.90625,-0.43993053397621684,0.5092644156488089,-0.5943634736726322,1.3836644513112706,1.1322404792980258,0.26538449509601386,0.4757272727272727,0.20533333333333334,0.41900000000000004,0.527,0.09611742818032533,0.7068369779602722,0.8130000000000001,0.8628,0.37045454545454537
3.90625,-0.27321234658766935,0.11591910605849601,-1.1455738301448655,1.6396316091641114,1.1271797678618045,0.2340257561649448,0.5497,0.1326,-0.09639999999999997,0.6164,0.07482423849707169,0.4440955909315293,0.5676,0.5566666666666666,0.3513
3.90625,-0.5845903812539686,0.5253985475311435,-0.5725630328937612,1.004240743880155,0.9165465901826604,0.24725345091933185,0.5574545454545454,0.1997142857142857,0.2334285714285714,0.4933636363636364,0.11426577206962138,0.14667587145502578,0.817142857142857,0.8109999999999999,0.26125
3.90625,-0.5959949244034353,0.5229134284242385,-0.9347813155673981,1.3719614715693902,1.276375559910301,0.2765619108275989,0.5316666666666667,0.20942857142857146,0.22285714285714286,0.6333333333333333,0.09174420962654808,0.4287389506729125,0.7545714285714286,0.747,0.7507777777777779
3.90625,-0.32871146502420967,0.045853071876770825,-1.035453286974079,1.7891110164188857,1.0061392961024522,0.3277696280955976,0.6970000000000001,0.224625,0.45199999999999996,0.69525,0.09146070863758818,0.26051239351644906,0.7004999999999999,0.6932857142857143,0.4316666666666667
3.90625,-0.29811131465806023,0.07346735719698556,-0.9900397940955465,1.749304148690575,1.111870853470093,0.27933230092151207,0.5625555555555555,0.198,0.32199999999999995,0.6104444444444446,0.08570357075884487,0.6666530031242246,0.713125,0.7234285714285714,0.4146000000000001
3.90625,-0.4171472301020584,0.28328115220079503,0.176966248604149,0.9748381418005209,1.0555068792524493,0.21698304772307087,0.5117999999999999,0.18350000000000002,0.4008333333333333,0.5258,0.19578907017502278,0.512183793319088,0.8948333333333333,0.9318,1.0017
3.90625,-0.6061397661677435,0.5361730136971561,0.71392505903817,1.6728583560245867,0.9655800643425553,0.3370485337370906,0.5225000000000001,0.26433333333333336,-0.14283333333333328,0.4795833333333334,0.12938377023413716,0.2687307904329203,0.8468333333333332,0.8338000000000001,0.27307692307692305
3.90625,-0.31933527634087167,0.08415479639836201,-0.21041185783407368,1.2572996224058857,1.2162742072760864,0.24952399983648652,0.5785,0.164125,0.12625000000000003,0.6547499999999999,0.0589693798093726,0.6767183231622355,0.6603749999999999,0.6544285714285714,0.502
3.90625,-0.3132023031615938,0.361192032480019,-0.36996175498357964,1.2172483191054895,1.1235952749895377,0.20880643632898596,0.5248181818181817,0.1602857142857143,0.43628571428571433,0.5713636363636363,0.09417123882705496,0.7545997913982034,0.7795714285714286,0.7753333333333333,0.29154545454545455
3.90625,-0.606363232387292,0.4356650964251392,0.18307975668850762,1.4484101117312818,1.4276416642415257,0.36775217444488356,0.4367,0.3016666666666667,0.33299999999999996,0.6142000000000001,0.2079609578743087,1.0166227212717154,0.8471666666666665,0.8722,0.3108888888888889
3.90625,-0.499519088700648,0.4211085760063055,-0.4707293188484214,1.2434490594062393,1.1822468128919925,0.2664266469163353,0.5458,0.22514285714285714,-0.05528571428571423,0.6098,0.20795305292835264,0.5438209805384455,0.8131428571428572,0.8148333333333334,0.48599999999999993
3.90625,-0.5017985917236231,0.4087465958262145,1.7026788068508827,0.9895156880501007,0.9363673015492021,0.4571644499968912,0.5144166666666667,0.488,0.44450000000000006,0.4711666666666667,0.13983879607923155,1.3505754088730575,1.03775,1.0993333333333333,0.24692307692307697
3.90625,-0.40092793648713165,0.19766032833099106,-0.44230709979254357,1.3133192311676256,1.3913430300004204,0.26589292805859777,0.5237499999999999,0.1865,0.3575,0.6897500000000001,0.09660291118273606,0.6634295365043984,0.7097500000000001,0.6971428571428572,0.479
3.90625,-0.878768193490742,0.6731065743018405,1.1727491718364247,0.664764779807064,1.0434892417474784,0.2727742971855567,0.48766666666666664,0.2584,0.5105999999999999,0.48533333333333334,0.291716471938079,0.70204282987781,0.9938,0.9930000000000001,0.21266666666666667
3.90625,-0.5649908371703096,0.3488818349435559,-0.25933676280620155,1.2087825466164366,1.209713595010689,0.21542729213351489,0.5986666666666667,0.17042857142857143,0.4361428571428571,0.6583333333333333,0.18234529211239747,0.7169706048270537,0.8137142857142857,0.8041666666666666,0.337
3.90625,-0.2059199258827356,0.07935706697465648,0.018147370255232165,1.0704764007399494,1.3158083391689124,0.2677173949305003,0.57925,0.19475,0.47937500000000005,0.71825,0.03680782969057823,0.6438531951929217,0.729125,0.7275714285714286,0.4668888888888889
3.90625,-0.6500661011176396,0.4530558381432603,-0.8701429928586002,1.4265016566368032,0.9780202688463987,0.29376264149885045,0.49219999999999997,0.21685714285714286,-0.19857142857142857,0.48109999999999997,0.11347686988985906,0.4227461310055703,0.7452857142857142,0.7280000000000001,0.8935454545454546
3.90625,-0.522349275482694,0.31422583292894185,-1.1257922279115087,1.664032035379362,0.9260487287191717,0.2678596312811837,0.554,0.2011666666666667,0.5613333333333334,0.5042000000000001,0.19923915277876483,0.22252086860665898,0.8371666666666666,0.8206,0.6429090909090909
3.90625,-0.4148035619037676,1.1699041972914168,-0.48225067847509306,0.9880550951420394,1.0412105332833899,0.24607948003576538,0.48309090909090907,0.21966666666666668,-0.38033333333333336,0.4955454545454545,0.039606060142357014,0.35539943231810195,0.8876666666666667,0.8994,0.21645454545454548
3.90625,-0.4183357287349842,0.5233088528982818,-1.1261413721327902,1.1141000501171823,0.9328586859625371,0.16439401360495573,0.5339090909090909,0.14233333333333334,0.4713333333333333,0.4838181818181818,0.14127986409959487,0.5240707540412927,0.8881666666666667,0.8859999999999999,0.5159166666666666
3.90625,-0.3917971990608841,0.37921236795703417,-0.41907565307642347,0.6891464548983314,1.0012228909104883,0.7471038303169771,0.5723636363636365,0.596,-0.38342857142857145,0.5193636363636362,0.22106013510656627,0.6240007569237463,0.8462857142857142,0.8504999999999999,0.23463636363636364
3.90625,-0.9190144550820224,0.9311691154262989,-0.5144299236110514,1.0370501390363644,1.0172680741143905,0.214212077106217,0.4850833333333333,0.18114285714285713,0.23371428571428568,0.49125,0.104271147601924,0.4447848469185948,0.8298571428571428,0.8021666666666666,0.24753846153846157
3.90625,-0.5256574540441225,0.42382371116400724,-1.0516148971448958,1.2753520160984877,1.1038909722941859,0.260214450122281,0.5064,0.2198571428571429,0.4735714285714286,0.5212,0.057063561052566644,0.5228865925361474,0.84,0.8505000000000001,0.8391
3.90625,-0.4307786779086012,0.36657229276599984,-0.1066947142857888,1.0933400596125598,1.2025034400325698,0.19869675640081352,0.5311999999999999,0.134875,0.356875,0.6108999999999999,0.13546623948724762,0.5949665036495511,0.6775,0.6744285714285715,0.388
3.90625,-0.37645043502569886,0.6575735746270639,-0.4428465303539135,1.0577041742452948,1.3652531173064497,0.23715835487170656,0.46939999999999993,0.209,0.2285,0.6245999999999998,0.25481255856020907,0.7090815214252884,0.9308333333333333,0.9425999999999999,0.44799999999999995
3.90625,-0.28018983283544935,0.14608179641071709,-0.2374893623302876,1.287612679323269,1.3158201926776651,0.33615325911643906,0.5151111111111111,0.2502857142857143,0.23157142857142857,0.6553333333333334,0.14123434033155283,0.05468479964566168,0.7617142857142857,0.7708333333333334,0.3819
3.90625,-0.6730234302206821,0.5001874019629867,0.3299287999509266,0.6441289537449364,1.027777463488069,0.21890113142072226,0.4946363636363636,0.20859999999999998,0.14679999999999999,0.49563636363636354,0.2986674572162156,0.5751469032722055,0.9184000000000001,0.9374999999999999,0.24745454545454545
3.90625,-1.3821458250810728,2.619839387357969,-0.9506060788250954,1.373478436386696,0.9755409186881315,0.2597322997567843,0.5111818181818183,0.21428571428571427,-0.011571428571428581,0.47427272727272735,0.26892316126854277,0.4453205163419771,0.8677142857142857,0.8660000000000001,0.5626363636363636
3.90625,-0.6152594455943047,0.3970677568915361,1.0773540749661574,0.8278112873170634,1.0400728439660298,0.24258137050600947,0.5334999999999999,0.22083333333333333,0.32050000000000006,0.5335,0.08112607472323555,-0.4158548985614329,0.8926666666666666,0.9423999999999999,0.2782727272727273
3.90625,-0.543500178119497,0.35942333718668185,-0.43220669382020205,1.1605475379441015,1.1117252209720685,0.1555790779739784,0.5851,0.1386,0.5782,0.6121000000000001,0.27247419602597234,0.679699448986735,0.9812,0.95475,0.31889999999999996
3.90625,-0.6561869213327634,0.40424244457541136,-0.4890411562263046,2.3130634372299936,0.9492324495368708,0.41058021536810363,0.5681,0.3238,-0.31520000000000004,0.5335,0.2046489372071109,0.4879176066160423,0.9032,0.89875,0.6817
3.90625,-0.6654203548766386,0.33326817761790983,-0.9260775463433761,2.6335902108715,1.0764250853865032,0.4565814048480313,0.522,0.3591666666666667,-0.4135,0.5427,0.2083621846689077,0.4383632949314378,0.8644999999999999,0.891,0.3039
3.90625,-0.36106822653694176,0.23653030006085232,-0.7460931679499931,1.3883895472729513,1.1173878597430351,0.27874306929848797,0.5667,0.24666666666666667,0.4746666666666666,0.6224000000000001,0.16771237282919826,0.6596040511065991,0.8316666666666667,0.8353999999999999,0.7181999999999998
3.90625,-0.44590804770936787,0.37944269093205796,-0.4561349197927562,1.1847069548064475,0.9935191030602136,0.21388924316502628,0.5370909090909091,0.15985714285714286,0.35457142857142854,0.5077272727272727,0.13427511145240414,0.7425279390313898,0.7437142857142858,0.7251666666666666,0.5755
3.90625,-0.43089283183243215,0.29084912770330656,-0.39312754056405064,1.3956295499370899,1.166342193496052,0.19698858096760535,0.6214444444444445,0.14657142857142857,0.4392857142857142,0.6824444444444445,0.05734229581111037,0.708322381589643,0.7334285714285714,0.7261666666666667,0.46566666666666673
3.90625,0.4929441647154618,2.238963607482854,2.4175145996538525,0.5964047443515891,1.1529576659317153,0.32434655103798266,0.5923750000000001,0.31283333333333335,-0.49816666666666665,0.661125,0.41223274979069774,-0.35408460101293027,0.8798333333333334,0.9076000000000001,0.5816666666666667
3.90625,-0.4598765169252419,0.2573313950363871,-0.4634933824050371,1.0055063633080794,1.221611038615513,0.34313928414358913,0.5717777777777777,0.28300000000000003,0.26171428571428573,0.6606666666666666,0.25855431408764645,0.035844969090576426,0.8141428571428572,0.827,0.3312222222222222
3.90625,-0.17604745784258582,0.14206907189777587,-0.7442877172175923,1.5926598823766929,1.1904036967710379,0.29877094121754394,0.594,0.199,0.468,0.6861111111111111,0.0654781471569106,0.3734046347606485,0.689,0.6924285714285714,0.3837777777777778
3.90625,-0.2728560899172995,0.05369241816628366,-0.7549289165741064,1.4466131285322559,1.1958544597722065,0.24041650819059615,0.6621428571428571,0.1827142857142857,0.4372857142857142,0.7462857142857143,0.016941074346097432,0.5804586988701708,0.753142857142857,0.75,0.5173749999999999
3.90625,-0.5120033076971355,0.35569487204513944,-0.1686182369918745,1.5856249125235158,1.3446211105320744,0.2622430489778354,0.4791,0.1878571428571429,0.2782857142857143,0.6201000000000001,0.15043603291764907,0.9875915738983897,0.7299999999999999,0.723,0.3742
3.90625,-0.309545612571093,0.2341429378866587,-0.5568436869616109,1.3464429903292725,1.049162995502645,0.2114543018641979,0.65975,0.16414285714285715,0.394,0.6757500000000001,0.16923824429877937,0.6185082783042085,0.7972857142857143,0.8125,0.4961111111111111
3.90625,-0.32322081467173225,0.14950781680429895,1.1492943601446104,1.1350057043397923,1.0052221196581843,0.2782471428374461,0.580625,0.17833333333333332,0.028666666666666674,0.5509999999999999,0.08217321643942141,0.45146613679255654,0.6416666666666667,0.63375,0.8352222222222222
3.90625,-0.49885752159931757,0.4900006857017526,-0.1787772716338658,1.2445419927813082,1.0176445212080178,0.2882848477659593,0.5239166666666667,0.2352857142857143,0.45871428571428574,0.524,0.1484618357244267,0.6751147423549071,0.8377142857142859,0.8315,0.38166666666666665
3.90625,-0.4770328874073101,0.3581519897902818,0.38554780368294095,1.052067759405944,0.97354508751161,0.2702933008388325,0.5723636363636364,0.25880000000000003,0.6026,0.5350909090909091,0.23630700370492616,0.87915743281164,1.012,0.99,0.2980833333333333
3.90625,0.18292877540488153,1.4484041739216067,-1.2294310350471747,1.851019224839385,1.1376186359733333,0.323740525857083,0.5146363636363636,0.244,0.5368333333333334,0.5691818181818182,0.14445954450987308,0.0649067114544118,0.7831666666666667,0.7597999999999999,0.294
3.90625,-0.6739767643202298,0.4905106691701094,-0.9803194641093347,-0.12686741873906,1.0096175251389075,0.45709900801095477,0.5681818181818182,0.3996,-0.25220000000000004,0.5525454545454546,0.447187041404377,0.38316487869322946,0.9084,1.1295000000000002,0.24736363636363637
3.90625,-0.10276795315557523,0.2922963742361801,-0.5237540287263074,0.8396746482550413,1.054349570313227,0.24112355766309365,0.5108181818181818,0.2155,0.4673333333333333,0.5236363636363636,0.12908508821703613,0.41385693994704925,0.8675,0.8458,0.45616666666666666
3.90625,0.1437818325786517,0.25121193310427614,-0.8373903274061805,0.3571236559245825,1.081396090857636,0.5774461927585985,0.549,0.365,-0.804875,0.5673,0.12883480959455526,0.29911712249287403,0.6679999999999999,0.7391428571428572,0.4016363636363636
3.90625,-0.29933484927233,0.25403670174962933,0.6745433540049834,0.3677736346143143,1.3167999844828198,0.40741111645671424,0.5262222222222221,0.34059999999999996,-0.7849999999999999,0.6883333333333334,0.46779502722880667,0.8593117982124303,0.9144,1.14175,0.49944444444444447
3.90625,-0.5840418770009225,0.5071096047313568,-0.8214587911507212,1.1718728149508961,1.0232777152077481,0.25075011559635446,0.5167272727272727,0.2071666666666667,0.4311666666666667,0.525,0.1255920379641958,0.6662758198826071,0.8376666666666667,0.8311999999999999,0.28850000000000003
3.90625,-0.3920515270609016,0.3317255779198056,-0.882678935329297,1.2637740341328114,1.1821755482234528,0.37194398242520216,0.5264,0.31014285714285716,-0.05071428571428573,0.6159,0.0781508512785085,0.1335938475806725,0.8225714285714286,0.8226666666666668,0.46340000000000003
3.90625,-0.37386828791097565,0.1638616094576925,-0.30975262404398407,1.6289256389529994,1.0375750335560165,0.2371586546307506,0.655,0.1555,0.340625,0.669,0.08875556895433752,0.8101365598118683,0.66825,0.6591428571428571,0.4985555555555556
3.90625,-0.3049427316835951,0.0724636077012392,-0.9248004761065785,1.6964363719665898,1.0303577913558373,0.28108164688797743,0.6703749999999999,0.20075,0.4105,0.684625,0.023730631199840767,0.5548566435508486,0.711375,0.708,0.486
3.90625,-0.3241399921511322,0.16732515943521722,-0.1926366553976333,1.4927594272440494,1.029364787984445,0.2080812602090525,0.68225,0.144625,0.41900000000000004,0.689875,0.04270974653377835,0.7930940055172182,0.6938749999999999,0.6858571428571428,0.4961111111111111
3.90625,-1.8160741194932934,4.0318944849183325,-0.5512359356367114,1.3352772874254086,1.035631282376289,0.29285629684943165,0.5246666666666667,0.20928571428571427,0.48728571428571427,0.5475555555555556,0.15189104281980847,0.09787413184681587,0.6877142857142857,0.6696666666666667,0.6487999999999999
3.90625,-0.47595474542697497,0.416770680872304,-0.7065829489081308,1.1674583385914017,1.0653309734489258,0.23440790333678832,0.5529999999999999,0.20099999999999998,0.4043333333333334,0.5668181818181818,0.2768222534407232,0.46983155605056026,0.9178333333333333,0.9352,0.40381818181818174
3.90625,-0.7443710328962723,0.8091577371639427,-0.5267874791252298,1.0078831212205623,1.0986675338108278,0.3089465686188672,0.518090909090909,0.29883333333333334,-0.40950000000000003,0.5568181818181818,0.036425265956475855,0.3319849388933338,0.9446666666666667,0.9309999999999998,0.45508333333333334
3.90625,-0.13174304500229078,0.5337778112408095,0.4000163146065847,0.9489778123742406,1.059174880088588,0.14947360390499576,0.468090909090909,0.129,0.1495,0.4872727272727273,0.08110092477894444,0.8805793411767081,0.8591666666666667,0.8492,0.5679166666666666
3.90625,-0.46971060511072277,0.28691163842150486,0.21603668703257783,1.0142262824845907,1.2669266652329632,0.24601790963319806,0.572,0.1965714285714286,0.224,0.6832222222222222,0.06434196833241031,0.6246757082529549,0.7909999999999998,0.7893333333333333,0.3784444444444445
3.90625,-0.6013956579324041,0.4841847027303491,-0.9023920212920955,2.3645520771589226,0.9697935731247903,0.3551359251559523,0.5360909090909091,0.29550000000000004,0.4848333333333333,0.49700000000000005,0.06544004889973722,0.6511231305618859,0.8983333333333333,0.89,0.21072727272727274
3.90625,-0.6502405909770188,0.539787552887708,-0.2561622593206856,1.1829482954293664,1.070962841164771,0.25298141205579544,0.5209166666666667,0.212,0.44014285714285706,0.5240833333333333,0.10198965089110214,0.7118474149640871,0.8388571428571427,0.8336666666666667,0.2416666666666667
3.90625,-0.5063734957572842,0.5520625490867357,-0.3011952710726602,1.1045800719233971,0.9791910604552464,0.21626262158745094,0.5258181818181819,0.16785714285714287,0.15999999999999998,0.4963636363636363,0.09958650622560379,0.6027124089709088,0.75,0.7348333333333333,0.4365833333333333
3.90625,-0.269350080174166,1.2841348327142426,-0.6668260220927333,1.4171978924252462,0.9895377066666323,0.29109562147569895,0.5291818181818182,0.23550000000000001,0.4791666666666667,0.5037272727272728,0.20600815517838128,0.4924381696480611,0.7835000000000001,0.7562,0.7886666666666667
3.90625,-0.49719940812842794,0.37190271170295663,2.13322592847853,0.6497290139493658,0.946114968965812,0.1845967310701507,0.5200833333333333,0.17116666666666666,-0.071,0.47974999999999995,0.057760193905491704,-0.6731179594026564,0.9263333333333333,0.9206,0.20984615384615385
3.90625,-0.4036751987748221,0.20737664171823636,-0.7617320311440623,1.3683894280228674,1.308846784962511,0.25453231017524613,0.5020000000000001,0.17325000000000002,0.438875,0.6391111111111112,0.0939474451434396,0.19198149188223188,0.6833750000000001,0.6881428571428572,0.3511
3.90625,-0.2260096883376615,0.09005711373262314,-0.6898905637792025,1.494700006566375,0.9145901536370264,0.19615036797503865,0.647125,0.1278888888888889,0.42133333333333334,0.565875,0.09933458297592032,0.497466679256098,0.6581111111111111,0.650875,0.742
3.90625,-0.5209086952483423,0.3976788812685821,-0.39934148833362304,1.409529159525805,1.0304010253461398,0.2058188830267831,0.5717272727272728,0.15857142857142856,0.4114285714285714,0.5697272727272729,0.20859989613292396,0.9406839856073618,0.7947142857142858,0.8195,0.31381818181818183
3.90625,-0.6310382450311022,0.3474802086863796,1.2041641955212423,0.9919315375099231,1.026053322383942,0.23514240179341991,0.5817777777777777,0.16128571428571428,0.28485714285714286,0.5838888888888889,0.12784626184080108,0.3668628699231298,0.7245714285714288,0.779,0.389
3.90625,-0.30324590125850925,0.31068594153289986,0.9804323426465511,0.7519446799491724,1.040984428447399,0.23459785617439835,0.5386000000000001,0.21483333333333335,0.49500000000000005,0.5405,0.2566886051230168,0.29422946500883435,0.9421666666666667,0.9696,0.507
3.90625,-0.6325855502451426,0.5287380575623892,0.007529488697265219,1.4019444002116,1.13819408402043,0.28396435078929566,0.45258333333333334,0.24314285714285716,0.4144285714285714,0.5068333333333332,0.12813621224653432,0.960867522881617,0.8592857142857142,0.8286666666666668,0.23900000000000002
3.90625,-0.28868188400833306,0.09438483009731156,-0.9020826926618244,1.594277242418938,1.0397553167752667,0.23656670676622388,0.6426666666666666,0.15375,0.4095,0.6576666666666667,0.06897914502934631,0.34598590171888577,0.65425,0.6598571428571428,0.4406
3.90625,-0.885366701979726,0.60124967134791,-0.7642106790258594,1.3284287399328096,0.9929876851271139,0.2563597998574517,0.5087999999999999,0.21459999999999999,0.6158,0.49639999999999995,0.08137067960881239,0.4753322372105169,0.8905999999999998,0.78325,0.2625454545454545
3.90625,-0.5808080730024412,0.5620667097114659,-0.5421908834285447,1.6900495941448088,0.9651201021941137,0.38371458453006574,0.5240000000000001,0.32683333333333336,0.43583333333333335,0.4990833333333333,0.03531911663674507,0.747170107840903,0.8391666666666665,0.8715999999999999,0.2529090909090909
3.90625,-0.16124682852359118,0.5643349378371403,0.044231284583402974,1.057899989308164,0.9723412859411187,0.2534315157724976,0.6295,0.2265,0.48866666666666675,0.5608,0.10239023390929426,0.8323756603458756,0.9061666666666667,0.8982000000000001,0.5704444444444444
3.90625,-0.30124378229750093,0.24478133329411383,0.3783961149780053,0.9660111015398202,1.066645323680597,0.2507072109816243,0.519,0.19171428571428573,0.19885714285714284,0.5305454545454545,0.1713968753766792,0.662984735508165,0.7505714285714287,0.7146666666666667,0.30416666666666664
3.90625,-0.4225326436710299,0.22014145391782214,-0.3400453389689537,1.2514610923751062,0.9438699617743656,0.22928882941647405,0.6292,0.159875,0.47650000000000003,0.5848,0.14771539098785164,0.42914596893491763,0.73075,0.7258571428571428,0.7886999999999998
3.90625,-0.4981892422003933,0.36461078011836995,-0.1204269394421531,1.1827137635285376,1.136531387736003,0.2504294155244443,0.5945555555555555,0.19528571428571428,0.43699999999999994,0.6417777777777778,0.03835253142449226,0.7767769579984058,0.7575714285714285,0.7625000000000001,0.368
3.90625,-0.453068910024995,0.3793464278982725,0.6821271710962202,1.2326200490117054,1.0369086035323363,0.25442481745476014,0.523090909090909,0.226,0.41033333333333327,0.5021818181818182,0.07582453428805216,1.074960966410372,0.8301666666666666,0.8518000000000001,0.44527272727272726
3.90625,-0.601688019762769,0.6650275561924525,-0.8154730530378758,1.212847028025429,1.0038081466436108,0.18339512403989822,0.5391,0.1521666666666667,0.44500000000000006,0.5397000000000001,0.14241432512215899,0.3732860373902489,0.8471666666666667,0.8565999999999999,0.373
3.90625,-0.2570426397658985,0.2769104846014058,0.13570522775572158,1.618608432800052,1.182369368505105,0.2714721918863886,0.4869090909090909,0.21233333333333335,-0.17833333333333332,0.5664545454545455,0.20529062326370387,0.710803288182606,0.7548333333333334,0.7295999999999999,0.3409090909090909
3.90625,-0.2056972565298519,0.14254462450618388,-0.23961428761288373,1.497573350549437,1.0598221198684825,0.2757296100197693,0.5771,0.15722222222222224,-0.2626666666666667,0.5923,0.05378298406559457,0.1278614967827437,0.579,0.5778749999999999,0.3463
3.90625,-0.296633361189373,0.3184173855177256,0.8924668637848074,0.6729283130896876,1.359715998886239,0.26495302878977456,0.5105555555555557,0.22928571428571431,0.2578571428571429,0.6734444444444444,0.1772277254457289,-0.06920527165572005,0.8331428571428573,0.8190000000000001,0.4495
3.90625,-0.377648715216101,0.5889580827862214,-0.4374847756540774,1.2131967060977635,1.0507844802169681,0.288384464544809,0.5025454545454546,0.236,0.5175714285714285,0.5033636363636363,0.06776921621700124,0.5456092262044174,0.8131428571428571,0.81,0.4748333333333333
3.90625,-0.2991233278410488,0.39935305957536027,0.015833765984878845,0.9147583591533693,0.9860443001079586,0.2307106482878888,0.5215833333333334,0.20033333333333334,0.4271666666666667,0.4918333333333333,0.18839426742870918,0.8303118862716222,0.8296666666666668,0.7979999999999999,0.2474615384615385
3.90625,-0.2615552103590879,0.09957560135860458,-1.1379943035860607,1.3002693526310698,1.083981287314637,0.23121693755275202,0.5245555555555557,0.1745,0.557375,0.5483333333333333,0.0679588711152952,-0.15542869640166684,0.757125,0.7741428571428571,0.7265
3.90625,-0.5801987982410667,0.4286597215606723,-0.7322482172206106,0.998499988791411,1.0274926928272543,0.16078372388917933,0.5869000000000001,0.16560000000000002,0.5426,0.5863,0.099443451267542,0.5232190058395859,1.039,1.008,0.3595
3.90625,-1.1576406805304935,2.9972349085570826,-0.16322074641292295,1.0687251423446622,0.9501961527449481,0.173370571910839,0.5717272727272728,0.12585714285714286,0.13285714285714284,0.5192727272727272,0.09285726800968366,0.6381405291913202,0.7121428571428571,0.6881666666666666,0.662
3.90625,-0.9808894621175375,0.8158935620201891,-1.004880092696205,1.5775917511390327,1.3637279010750474,0.2526773041251569,0.5331111111111111,0.181125,0.412625,0.6816666666666666,0.12953763931769022,0.5861006207857175,0.7430000000000001,0.749,0.344
3.90625,-0.3996597665237504,0.3353487560416136,0.22803415002899685,1.2264647929853492,1.0177895629438176,0.2101846890046613,0.5745555555555556,0.13499999999999998,-0.13777777777777775,0.5662222222222222,0.1454230359159098,0.6071732083207791,0.6613333333333333,0.649125,0.37729999999999997
3.90625,-0.5461038560678856,0.5974842338228277,-1.0396004555469636,1.2857675862311828,0.964518003527249,0.19207566989162306,0.4843846153846154,0.16616666666666666,0.43166666666666664,0.4531538461538461,0.03049983606513323,0.6415745730022858,0.8664999999999999,0.8696000000000002,0.20335714285714282
3.90625,-0.31583544905508965,0.1736460463514118,0.43775982516989353,1.052831190339675,1.2240038557330208,0.23557659437025427,0.5609999999999999,0.2081666666666667,0.4543333333333333,0.6662222222222223,0.1319721182674583,0.7997911305001353,0.8688333333333333,0.8846,0.41088888888888886
3.90625,-0.25180629837558066,0.37979059700591794,0.3269356555042533,1.2491846365759056,1.040555913518174,0.272877761432884,0.6081999999999999,0.21771428571428572,0.432,0.6236,0.04039286240579308,0.8946883408211908,0.7782857142857142,0.7825000000000001,0.3633
3.90625,-0.32354677220875616,0.388618849259517,0.6147858760158087,0.29490566707415,1.1478501934772254,1.3041621815560756,0.4649090909090909,0.8344000000000001,-2.0398,0.520909090909091,0.15899292437086626,0.8850144364852919,0.7091999999999999,1.0695000000000001,0.3663636363636364
3.90625,-0.4508736910360728,0.30779226747611366,0.004341809789733642,1.3445661307881909,1.1707438409741937,0.27130574706098926,0.4856363636363636,0.22185714285714284,0.5208571428571429,0.5471818181818182,0.19229028981088864,0.6169308207687809,0.7951428571428573,0.8103333333333332,0.34679999999999994
3.90625,-0.5719412528815073,0.30121226437138915,-0.15451444813532067,1.02643340584877,1.4124412267527768,0.21273451120021605,0.4947777777777778,0.2326,0.49239999999999995,0.6557777777777777,0.2823530591298773,0.6939415475797529,1.0916,1.0995000000000001,0.34424999999999994
3.90625,-0.4223017457376851,0.23870289490029714,-0.16379091562345538,1.0189683973741954,1.2598463143966896,0.2124523098070941,0.5172222222222222,0.18333333333333332,0.3938333333333333,0.6363333333333334,0.22640406356777257,0.6211453868116762,0.9031666666666666,0.932,0.4554
3.90625,-0.32659145320488486,0.1387762411601547,-0.22613078393088148,1.308551914309553,1.0118423663379226,0.18410444117519423,0.6727500000000001,0.12575,0.389625,0.674625,0.04432809032472226,0.7067252811548386,0.676375,0.6681428571428573,0.5372222222222222
3.90625,-0.2584684370649236,0.2389909231654368,0.45408127686219313,1.2805029849493486,1.0620477308018037,0.24212556324475618,0.6307777777777779,0.179375,0.3645,0.6263333333333334,0.10043822347440182,1.0356576684442973,0.7190000000000001,0.6798571428571429,0.4521
3.90625,-0.5274644872331428,0.4623373231306302,0.054469023087746926,0.9132140859135894,0.9587504202629599,0.23553552024331537,0.5449090909090908,0.21999999999999997,0.15233333333333335,0.49881818181818177,0.136482086736685,0.7445640441859502,0.9216666666666667,0.9172,0.2813636363636363
3.90625,-0.7452004821928414,1.305701158932734,0.23399143551765755,0.9509890743740342,0.9795109896627754,0.3625953872081705,0.5625,0.388,0.2428,0.5244,0.09556411460375704,0.36601976943436937,1.0468,1.063,0.36736363636363634
3.90625,-0.5241815411684928,0.4472978303732312,-0.8634518874097559,1.1549978629719426,1.0431861244799796,0.3264417385106893,0.5002727272727273,0.3374,0.48180000000000006,0.5071818181818182,0.13294054122050203,0.7300570793894084,1.0462,1.04025,0.25283333333333335
3.90625,-0.5082965174426736,0.41840357984984045,-0.23645553325517898,1.1267406344320514,1.0898105953495953,0.2466294341406805,0.5437,0.2234,0.5184,0.5564000000000001,0.24499017837456263,0.8251077211339197,0.9936,0.98575,0.3730909090909091
3.90625,-0.4909088366648672,0.3402056715727922,-0.836614301138725,1.608816482958786,1.2287889810275476,0.3306225749670012,0.5095555555555555,0.262,0.419,0.6015555555555556,0.12456914634941599,0.567876816235854,0.7875714285714287,0.7711666666666667,0.5783333333333334
3.90625,-0.7869176723892256,0.5684819855186534,-0.6203625880680197,1.1891247076874023,0.977132493243717,0.36543028584229614,0.5105,0.33666666666666667,0.4286666666666667,0.48225,0.09426473359639861,0.7442104231925142,0.9088333333333334,0.8766,0.22269230769230766
3.90625,-0.46789926569557827,0.2340128210933282,-0.33849822063030066,0.9598031388455354,1.120090639556596,0.29155175115822596,0.6155555555555556,0.24757142857142858,-0.05785714285714285,0.668,0.18348115252889965,0.2687501043368584,0.8064285714285714,0.7899999999999999,0.437
3.90625,-0.543894486384879,0.4481891513333482,0.7945294391831559,0.9090739042423623,1.014052953546634,0.24870716189145464,0.5171818181818182,0.246,0.4444,0.5154545454545455,0.09565399887093064,1.1279066901837413,0.991,0.98675,0.30183333333333334
3.90625,-0.39818409470246,0.3705425791242672,-0.36900499607250836,1.0870203412306911,0.9692429850129148,0.25306490042178553,0.5240833333333333,0.2245,0.49516666666666675,0.4863333333333333,0.10185794028940504,0.6611819610399502,0.892,0.8906000000000001,0.555
3.90625,-0.21924505636408514,1.0818859865257011,-0.5308582445444592,1.2695542219535454,1.1108867993057214,0.23483143429248965,0.5182727272727272,0.19799999999999998,0.49183333333333334,0.5599090909090909,0.031428649350552736,0.5610781229247375,0.8381666666666666,0.8231999999999999,0.45099999999999996
3.90625,-0.5912444475162089,0.39209308591048725,0.18791883130693066,1.0067021007182233,1.1047472649466377,0.20405128260699223,0.5095,0.17899999999999996,0.5283333333333333,0.5555999999999999,0.19124852940611073,0.8520824150850899,0.9028333333333333,0.9030000000000001,0.5107272727272728
3.90625,-0.5230943719565952,0.4187358613475234,-0.5286660649069868,1.5172992044603588,1.017029817991409,0.396965615601118,0.5218181818181818,0.38259999999999994,0.5992000000000001,0.5245454545454545,0.24720575943937875,0.5912667972590068,0.9764000000000002,0.97025,0.2480909090909091
3.90625,-0.6094327008639294,0.44479576478544003,-0.05337750322358925,1.0631491199286258,1.1239209697511385,0.23688615626650367,0.4848181818181818,0.21879999999999997,0.4382,0.5310909090909091,0.1858647021357202,0.9262353434756644,0.9268000000000001,0.9037499999999999,0.27858333333333335
3.90625,-0.24152166106701273,0.4858854836026899,-0.5133923764576211,1.0267181096142715,0.9991170932831999,0.2786832999714072,0.5327,0.24550000000000002,-0.07066666666666666,0.5062,0.2145930101377955,0.46019059858384725,0.8811666666666668,0.8412000000000001,0.6728181818181819
3.90625,-0.4886158579716887,0.22429607737628898,-0.9609939198768784,1.581415639541907,1.2255552972951815,0.3169881825856774,0.5675555555555556,0.248,0.45057142857142857,0.6657777777777777,0.09741620330656837,0.247706701286153,0.7581428571428572,0.7535,0.4109
3.90625,-0.23629290059932184,0.26600107146059054,-0.8908659116561286,1.3708146412836684,1.074890941331188,0.2666222857814241,0.5235454545454545,0.21042857142857144,0.3482857142857143,0.5507272727272727,0.1862340970093524,0.26964712601886465,0.809142857142857,0.7808333333333334,0.23163636363636364
3.90625,-0.5374844647415505,0.4510777606965634,-0.26136225687387427,0.9648372514875865,0.8619542622324747,0.2880052700191328,0.6047,0.303,0.73075,0.4897,0.31132084200494303,0.5611469343304805,1.1095,1.1360000000000001,0.294
3.90625,-0.4568675569924267,0.3024922428275003,-0.9575207436666457,1.4895484996125499,1.1904981931576468,0.23013703639187594,0.5144444444444445,0.154,0.379625,0.5938888888888889,0.057300853005012434,0.4201615893333537,0.674125,0.6734285714285715,0.34059999999999996
3.90625,-0.3559978794393264,0.20757680912758897,-0.21615614748710277,1.0875467625784756,0.9711194359486335,0.25095790131702034,0.646,0.193875,0.427125,0.598125,0.13916896205691845,0.7188051347784264,0.742125,0.737,0.44999999999999996
3.90625,-0.2596138957501825,0.21599231916384476,-0.8985152071663087,2.090073448582176,1.013895852083111,0.42344346959953794,0.5385000000000001,0.307125,0.395875,0.5454,0.12624676193059048,0.30754531451123157,0.685875,0.6934285714285714,0.3885454545454545
3.90625,-0.6555066077006396,0.5201314761048541,-0.3135231127425038,0.9669422755057449,0.9629279610030105,0.2793050229381128,0.49989999999999996,0.22483333333333333,0.284,0.45969999999999994,0.12784428027878292,0.33224412166000034,0.8231666666666667,0.8188000000000001,0.22972727272727275
3.90625,0.0858668055307697,1.3312898353177032,-0.29431495632146953,1.2044564154684132,1.0025582242297297,0.22697583633472734,0.5302727272727272,0.17742857142857144,0.43928571428571433,0.499,0.16741930062636812,0.7684743381111018,0.7901428571428573,0.7713333333333333,0.7319166666666667
3.90625,-0.4473345963739771,0.36509089439053394,0.5610877000915089,-1.084329247138111,1.0730839934352607,1.0087943040788907,0.5372727272727272,0.7748333333333334,-1.9350000000000003,0.5405454545454546,0.1907595344930365,0.06618176108586891,0.7835000000000001,0.922,0.27725
3.90625,-0.644496874274517,0.47423964728184503,0.5024661569371967,0.796665797800133,1.0248192737769721,0.20765032338288977,0.523,0.19483333333333333,0.6298333333333334,0.5185000000000001,0.1792071427147925,0.8468911667881894,0.9605,0.9710000000000001,0.19436363636363635
3.90625,-0.2922065276243948,0.12476015438898251,-0.2727780603139389,1.206662603737247,0.9863524803009565,0.2857322422937841,0.56025,0.1947142857142857,-0.17328571428571427,0.522625,0.11035208803340937,0.20554949361823333,0.7024285714285714,0.6875,0.9430000000000001
3.90625,-0.11895341979034177,0.8994943704853737,-0.43077278895480475,1.360335624704756,0.989339883915956,0.23929246895882517,0.5076363636363636,0.21939999999999998,0.37520000000000003,0.4815454545454545,0.04416446535394717,0.8461449390943094,0.978,0.844,0.31575
3.90625,-0.26555603883465656,0.1899585701750895,-0.05219836675754541,1.335652254086999,1.1760498879350625,0.26130148477699394,0.5213,0.16974999999999998,0.333125,0.5971,0.134399192174443,0.6964857522396211,0.6715,0.6760000000000002,0.38409090909090915
3.90625,-0.33120189236112046,0.12035034611343454,-0.09275066767229978,1.3310167760919966,1.1615623466492868,0.21177579301960214,0.5627777777777778,0.134625,0.32375,0.6345555555555555,0.037640620697998756,0.7596442617552883,0.6379999999999999,0.6354285714285715,0.41609999999999997
3.90625,-0.36671892415893886,0.1793424702336345,-0.7094901628626182,1.5627131468558773,1.0164247440928968,0.24728389426181985,0.6452500000000001,0.159375,0.396375,0.6425000000000001,0.10120821133098008,0.43000320532138503,0.6467499999999999,0.6335714285714286,0.4831111111111111
3.90625,-0.5294685289643318,0.4129971712473603,-0.31751958098516075,1.1053766958017457,1.1039854209601125,0.229716134672294,0.534,0.1847142857142857,-0.2722857142857143,0.5700000000000001,0.06663436717557157,0.5604950404051003,0.7998571428571429,0.8168333333333333,0.4215454545454545
3.90625,-0.824895484944396,0.48452000713370563,0.8349224103525779,0.8602710212937431,1.1074816475464058,0.27226493807050944,0.4864,0.24699999999999997,0.249,0.5246000000000002,0.11315193325789887,0.9031677129239644,0.8901666666666667,0.8952,0.3119090909090909
3.90625,-0.36903315870801645,0.31006408781848976,-0.3208907443052591,1.1386268855290183,1.053002591031691,0.23204913954222461,0.6271111111111112,0.1812857142857143,0.1782857142857143,0.5956666666666667,0.05687901389987543,0.5346931186243953,0.7678571428571429,0.7633333333333333,0.6913333333333332
3.90625,-0.5539268362568968,0.39708625653732116,0.12584914210362808,0.8640093039144512,1.0404181184308157,0.23416222378708978,0.4887272727272727,0.21100000000000002,0.42940000000000006,0.49263636363636354,0.12418811336033735,0.74543860422601,0.9106,0.91225,0.35325
3.90625,-0.2637860280752333,0.0740467130296494,-0.3029735056149758,1.4027211933420682,1.151341103725571,0.19606813837836773,0.603,0.131625,0.335125,0.659875,0.057608814518301625,0.8132638068638968,0.66775,0.6637142857142857,0.4984444444444444
3.90625,-0.3288275353743039,0.3212526525728797,-0.7457528925504078,1.3967708849395077,1.0716848303281041,0.2664222141450107,0.5261818181818181,0.2215,0.449,0.5367272727272727,0.1765235395067751,0.7011257798795162,0.8658333333333333,0.8038000000000001,0.2766363636363636
3.90625,-0.6248357637026903,0.4685038282168284,0.020867507891290327,1.0032176537731456,0.9953275245565205,0.21403375429311539,0.5174545454545455,0.16642857142857143,0.16671428571428568,0.4942727272727272,0.17126238803530552,0.8416350920572577,0.812142857142857,0.7978333333333333,0.27058333333333334
3.90625,-0.3827476170296834,0.20951536002278254,-0.7274145961504934,-1.291956329993468,1.2628478432208734,0.8834159540905173,0.5015,0.558142857142857,-1.8464285714285715,0.617625,0.11233877335986893,0.5312639812662647,0.6479999999999999,0.758,0.4642222222222222
3.90625,0.023057762521819125,1.522490313576287,-1.0136961892846394,1.48392718292173,0.944700137855963,0.2961211299678919,0.607,0.2295714285714286,0.5161428571428571,0.5399,0.12522745971497892,0.23154268728621052,0.7934285714285715,0.7815,0.5640909090909091
3.90625,-0.2650319055506025,0.11385000739995281,-0.9889374722512843,2.025242522946587,1.0768763948942845,0.2644823162163072,0.5257272727272727,0.151,0.3457,0.554909090909091,0.054115331799800215,0.48284224988993474,0.5652999999999999,0.5604444444444444,0.34375
3.90625,-0.9249148200846256,0.9304437515743099,-0.6002365911502161,1.3589486113693101,1.2126994649305434,0.2785016060530397,0.5496,0.23185714285714284,0.4025714285714286,0.6163000000000001,0.1689779735810427,0.7944734023929834,0.8365714285714285,0.8386666666666667,0.5474
3.90625,-0.49994991463803545,0.39006416770958025,0.6876993859050833,0.9562465700152002,1.0018183720846676,0.2540949949325342,0.4988181818181818,0.23650000000000002,0.37399999999999994,0.48518181818181816,0.22312095374482427,0.9938662220442962,0.9451666666666666,0.9712000000000002,0.215
3.90625,0.06690918589105235,1.513110094250174,2.9604399075409837,0.6549094900904987,1.297727648630862,0.3376582642848498,0.4988888888888888,0.42974999999999997,-0.38925,0.6191111111111112,0.5470218358428564,-0.21731510000366502,1.09025,1.2963333333333333,0.4877999999999999
3.90625,-0.4626170367308262,0.28870529170912074,-0.46860984527211347,-1.2421050673016238,1.0910876873041429,0.6257607902065949,0.5027,0.5094000000000001,-0.9668000000000001,0.538,0.2411400008293937,0.7967353589820786,0.8096,1.0070000000000001,0.49199999999999994
3.90625,-0.5179476351777061,0.31044129221062083,-0.6539863300605444,1.313883593445546,1.1813731784457793,0.25930497038033573,0.5732222222222223,0.18342857142857144,0.4757142857142857,0.6328888888888888,0.08083676968640777,0.41670389520492535,0.7114285714285715,0.7174999999999999,0.44209999999999994
3.90625,-0.0866058452877659,0.15170710762507497,-0.2542678170447896,1.1073132676185413,1.092138867618258,0.2553801221364023,0.5585000000000001,0.19700000000000004,-0.372,0.6005999999999999,0.10264407218907264,0.14137533292087923,0.7787142857142858,0.7318333333333333,0.3142999999999999
3.90625,-0.7291773151745179,0.5237344957718334,0.11339201134186583,0.8756428262859309,1.107016692819408,0.21980171928313288,0.4959090909090909,0.19339999999999996,0.45200000000000007,0.5414545454545455,0.18798454058778344,0.8330142666152913,0.8957999999999998,0.8812499999999999,0.3112727272727273
3.90625,-1.4955026269176026,3.4323920300515143,0.007085776885415118,1.1344271954435914,1.0275012272832178,0.23436069395571146,0.4770000000000001,0.16871428571428573,0.37642857142857145,0.4786363636363637,0.1394867576351087,0.8695890088736119,0.7539999999999999,0.7363333333333334,0.5253333333333333
3.90625,-0.63948724646635,0.451439871394447,-0.6111184659777358,0.9943672281279785,1.048500746803703,0.30089840518466915,0.5518000000000001,0.2966,-0.17079999999999992,0.5674,0.1021698952725312,0.11075404589329657,0.9863999999999999,0.97275,0.2649090909090909
3.90625,-0.2511323541523395,0.09717056003381233,-0.4219642275956641,1.1468675935079875,1.1181814073600935,0.21000842290162985,0.61,0.158875,0.168875,0.6666666666666667,0.09972083482381795,0.5543930243131513,0.7190000000000001,0.6865714285714286,0.4598888888888889
3.90625,-0.40248899835288676,0.18222479510692985,-0.07629088630553094,1.117174312916834,1.2838929029443684,0.2659427533608298,0.522875,0.20328571428571426,0.21942857142857145,0.647,0.21683941831072442,0.41366437429438263,0.7557142857142857,0.7389999999999999,0.5745555555555556
3.90625,-0.4337798177140622,0.30595828531766106,0.10666461274966776,1.0576723429928783,1.0469476241463485,0.2124056174385825,0.6125555555555555,0.17042857142857143,0.4412857142857142,0.6216666666666667,0.1268801928329766,0.7067609283815545,0.8188571428571428,0.8144999999999999,0.46770000000000006
3.90625,-0.20922316718966613,0.06520530421869022,-0.7461796967760286,1.546198957887126,1.04120496814333,0.20195088856422003,0.6494444444444445,0.13155555555555556,0.4301111111111111,0.6426666666666666,0.10414225547298271,0.3871911152567972,0.6485555555555556,0.640125,0.5406666666666667
3.90625,-0.2698095393802069,1.135340934030005,-0.7695529387874864,1.1667996335039765,0.9722480228400453,0.23325240558251606,0.5241666666666667,0.21766666666666665,0.532,0.49275,0.11468670367570948,0.5904976405189719,0.9129999999999999,0.8844000000000001,0.5250833333333333
3.90625,-0.21258439593174933,0.016100228587663135,-0.8556302779607976,1.6446693113679025,0.9935848827657856,0.1984903978804276,0.688625,0.13757142857142857,0.39599999999999996,0.685375,0.035027370250515034,0.5234845051411223,0.6822857142857143,0.6824999999999998,0.5003333333333333
3.90625,-0.370646265471813,0.3484108908340934,-0.4412465523261626,1.4387193095166495,1.0502877642045214,0.1876862589012571,0.6604444444444444,0.14542857142857143,0.36799999999999994,0.6320000000000001,0.03780946383586467,0.8440891202770274,0.7665714285714287,0.7676666666666666,0.6402222222222221
3.90625,-0.2516395055107178,0.18803566543856431,-1.4021684063979651,2.0930072776514175,0.8403663928251559,0.3486790674017426,0.653375,0.22344444444444445,0.32611111111111113,0.5465,0.04647580015448901,0.2484270452284688,0.6352222222222222,0.651,0.6067777777777777
3.90625,-0.21912569226864187,1.034025856517284,-0.7134745998263043,1.508586682146043,1.0471836349443144,0.25897335555333506,0.4998888888888888,0.17966666666666667,0.149,0.509,0.1166492177427693,0.2286060162659032,0.75,0.7196,1.0025
3.90625,-0.2901684764240671,0.25945433290477443,-1.1924491783017876,1.4031974340709226,1.0368030038719516,0.1645617946624339,0.5841999999999999,0.12314285714285714,0.43571428571428567,0.5924999999999999,0.15086463763549393,0.3538127109339496,0.7714285714285714,0.7931666666666667,0.3921818181818182
3.90625,-0.45641592342228027,0.07274393477218748,-0.6303946521847799,1.7172385529260135,1.2794517296359744,0.20750302449156677,0.5501111111111112,0.12533333333333335,0.3841111111111111,0.6715555555555555,0.08475995516752001,0.5651493799779294,0.6155555555555554,0.612,0.4997777777777778
3.90625,-0.32539992599290923,0.2023946691426191,-1.1797157218738452,2.022103076323333,1.2366492549415589,0.3822188780480679,0.58175,0.269875,0.36275,0.6663749999999999,0.11121976773350085,0.4140734852257915,0.69875,0.6961428571428571,0.4151111111111111
3.90625,-0.27951554597415434,0.2601469224867227,-1.0848596086463185,0.20983868568132305,0.9537051566689004,0.6872871091810494,0.6136666666666666,0.5375714285714286,-0.39657142857142846,0.5813333333333334,0.3923670333869665,0.35165329140567697,0.8327142857142856,0.8283333333333333,0.5394
3.90625,-0.677485475898583,0.8856547524016181,-1.0964027511007828,1.6003632218487505,1.1512298512533115,0.3091717280782116,0.5170909090909092,0.2592857142857143,-0.33728571428571424,0.5714545454545455,0.04889671654506966,0.4971412746138182,0.8162857142857142,0.8246666666666668,0.41859999999999997
3.90625,-1.1199123962738886,1.4059547439622162,-0.8797336915845442,1.1881475537106705,1.0454326095431021,0.16328541704635305,0.5236,0.13583333333333333,0.449,0.5294,0.20281479235992625,0.5734039637327091,0.8736666666666667,0.8464,0.31529999999999997
3.90625,-0.45593090672606734,0.11783372968414885,-0.06438582162989093,1.6580133752648056,1.006294770526805,0.20933925315780652,0.5692999999999999,0.1157,0.2264,0.5661,0.06836521388203069,0.970794074980086,0.5582,0.5575555555555556,0.42936363636363634
3.90625,-0.7431106212089769,0.7453748669568819,-0.00945677354017338,-7.636274996269835,0.8838431418794784,1.192780076603756,0.6396666666666666,0.804,-2.3444285714285718,0.5597777777777778,0.0828199184308273,0.9483013655228125,0.6809999999999999,0.7041666666666666,0.5712222222222222
3.90625,-0.17399964330686227,0.17889889621240204,-1.1165639724793912,2.1376622288857297,1.1565188640910284,0.3899279779012357,0.523625,0.267,0.367375,0.584625,0.05848425568702492,0.497827168960377,0.686625,0.6868571428571428,0.911111111111111
3.90625,-0.2991945211731535,0.1533554972743005,0.13810644473254596,1.4588420073756876,1.001284014399364,0.15579231773787325,0.6984444444444445,0.1127142857142857,0.37042857142857144,0.6986666666666667,0.03801059793735895,1.0164702329768394,0.7264285714285714,0.7188333333333333,0.5523333333333333
3.90625,-0.5989236279062449,0.5662038276278265,-0.926217117184557,-1.9820923344159271,1.030082960605266,1.124386903319005,0.4880909090909091,0.8825,-2.2112499999999997,0.4993636363636364,0.5605743086831179,0.5309690314951425,0.8842499999999999,1.2013333333333334,0.4001666666666667
3.90625,-0.6686596260489923,0.5737009044733492,-0.5626025162390111,1.2647982116817942,1.0843985554713633,0.16836839465900977,0.4991666666666666,0.14783333333333334,0.4475,0.5097500000000001,0.04847019702868971,0.8160659363896273,0.8756666666666667,0.8772,0.27618181818181814
